id,bscore
1,61.8185122690308
2,53.621752510715325
3,75.40149065367345
